,intercept,layer,node,node_0,node_1,node_2,node_3
0,-0.05288594,0,0,-0.0044792457,0.2682218,-0.415343,-0.3617433
1,0.1221206,0,1,-0.1930626,0.13407868,-0.017761588,0.39385948
0,-0.6610025,1,0,-0.20066868,-0.12463875,,
0,0.035942912,2,0,-0.460908,-0.28150544,,
